Account_ID,City,Phone
AID-7675-55,Shannon,+55 (189) 761-2016
AID-1522-62,Carlow,+972 (143) 475-7680
AID-3933-06,Carlow,+30 (401) 576-3403
AID-1390-88,Carlow,+420 (645) 120-6803
AID-2512-35,Shannon,+387 (971) 772-4866
AID-8048-90,Carlow,+86 (614) 158-3067
AID-5988-12,Carlow,+1 (352) 225-7665
AID-5348-98,Naas,+1 (407) 992-5753
AID-4241-17,Carlow,+62 (292) 341-7558
AID-6098-17,Carlow,+234 (133) 141-1247
AID-2867-92,Carlow,+62 (642) 705-3967
AID-2776-05,Carlow,+504 (780) 747-4935
AID-5907-61,Carlow,+86 (526) 649-6333
AID-3008-72,Shannon,+86 (604) 531-8799
AID-4711-38,Carlow,+381 (598) 494-4373
AID-5776-28,Carlow,+81 (124) 491-8810
AID-1163-18,Carlow,+48 (541) 151-4252
AID-7085-43,Carlow,+670 (856) 477-7766
AID-6480-19,Carlow,+353 (390) 330-2760
AID-0609-19,Shannon,+7 (342) 922-7682
AID-2476-59,Carlow,+62 (730) 800-3817
AID-5067-39,Shannon,+351 (490) 287-3385
AID-7891-90,Shannon,+55 (291) 714-1114
AID-2820-23,Limerick,+86 (321) 755-3368
AID-4531-38,Carlow,+63 (927) 666-9280
AID-4077-13,Shannon,+57 (355) 452-1371
AID-7978-90,Lismore,+62 (668) 181-2322
AID-2278-75,Carlow,+385 (761) 387-9630
AID-1092-28,Shannon,+62 (964) 572-7873
AID-9968-43,Carlow,+55 (182) 123-9368
AID-4084-93,Carlow,+63 (574) 938-5606
AID-2288-39,Shannon,+966 (769) 925-5400
AID-5068-73,Shannon,+98 (569) 611-9949
AID-6616-62,Shannon,+86 (653) 547-1141
AID-8796-60,Carlow,+386 (733) 177-0245
AID-4698-42,Naas,+1 (949) 886-7840
AID-8524-46,Lismore,+39 (715) 965-7444
AID-9269-38,Carlow,+62 (744) 774-3505
AID-1937-28,Carlow,+86 (624) 295-3905
AID-8455-73,Shannon,+380 (172) 791-1060
AID-4885-67,Carlow,+380 (911) 933-1122
AID-9799-71,Shannon,+504 (259) 872-4583
AID-3934-15,Carlow,+55 (343) 902-4574
AID-7228-31,Naas,+355 (348) 163-8647
AID-1339-29,Carlow,+351 (451) 439-6869
AID-4599-77,Carlow,+381 (236) 730-3915
AID-8703-75,Shannon,+62 (922) 830-4318
AID-0728-30,Lismore,+55 (460) 483-1815
AID-2908-34,Naas,+86 (666) 339-9242
AID-6255-20,Carlow,+94 (875) 820-6663
AID-7442-13,Shannon,+237 (790) 336-0584
AID-0150-35,Naas,+977 (414) 901-3258
AID-1209-85,Carlow,+86 (847) 728-1388
AID-2845-15,Shannon,+86 (703) 969-5815
AID-5805-54,Naas,+55 (311) 479-8363
AID-0587-56,Carlow,+380 (243) 172-1306
AID-0559-65,Carlow,+86 (127) 722-0040
AID-9185-94,Carlow,+856 (479) 525-8628
AID-2178-77,Carlow,+30 (163) 614-8484
AID-7483-26,Shannon,+60 (890) 163-3915
AID-4897-15,Carlow,+63 (504) 746-9466
AID-2719-86,Carlow,+86 (563) 501-9834
AID-2700-17,Carlow,+48 (201) 454-8687
AID-8368-44,Limerick,+62 (231) 815-5821
AID-2467-29,Shannon,+27 (463) 175-5332
AID-5211-74,Carlow,+86 (296) 652-8504
AID-7106-78,Carlow,+62 (866) 450-2804
AID-8487-71,Carlow,+55 (132) 650-9507
AID-2379-16,Carlow,+84 (710) 462-0370
AID-1544-01,Carlow,+62 (627) 133-2951
AID-5758-48,Naas,+7 (509) 157-7957
AID-7144-71,Lismore,+86 (724) 572-8214
AID-0644-76,Carlow,+7 (217) 154-4518
AID-8900-50,Galway,+48 (850) 522-6461
AID-7136-15,Limerick,+994 (388) 396-4502
AID-5278-01,Lismore,+30 (810) 394-9530
AID-3938-51,Carlow,+86 (544) 176-7309
AID-6509-97,Shannon,+992 (834) 297-8888
AID-9384-18,Lismore,+966 (741) 344-1349
AID-4686-06,Carlow,+968 (195) 697-5051
AID-7344-03,Carlow,+33 (689) 943-8512
AID-0804-90,Carlow,+62 (417) 297-6647
AID-7863-57,Carlow,+506 (918) 322-8107
AID-6216-91,Carlow,+504 (855) 425-2887
AID-8231-98,Carlow,+63 (167) 280-3094
AID-8259-18,Carlow,+55 (989) 214-8723
AID-6173-61,Naas,+51 (566) 918-1875
AID-9663-03,Shannon,+62 (986) 190-3609
AID-4917-08,Shannon,+968 (157) 330-1318
AID-5844-97,Carlow,+1 (260) 854-3395
AID-6671-08,Carlow,+33 (981) 300-8545
AID-9881-67,Carlow,+86 (173) 491-4648
AID-9529-73,Shannon,+86 (979) 744-9798
AID-7534-10,Carlow,+504 (562) 138-9325
AID-2236-14,Naas,+48 (615) 550-2679
AID-9548-96,Lismore,+54 (377) 140-2271
AID-9609-93,Shannon,+62 (586) 611-7538
AID-1850-49,Shannon,+62 (237) 390-9290
AID-7518-06,Shannon,+63 (204) 120-7174
AID-9666-11,Carlow,+30 (137) 473-7288
AID-9627-95,Limerick,+46 (867) 673-2643
AID-2357-75,Carlow,+33 (127) 808-9203
AID-3926-69,Lismore,+48 (727) 640-3506
AID-0308-29,Shannon,+1 (957) 746-7078
AID-7552-42,Carlow,+7 (510) 520-8579
AID-1092-58,Naas,+62 (436) 799-3928
AID-2480-47,Shannon,+420 (150) 550-9408
AID-7910-76,Carlow,+48 (218) 185-9458
AID-3224-22,Carlow,+52 (533) 680-4886
AID-1190-97,Carlow,+55 (617) 863-5441
AID-2671-37,Carlow,+86 (123) 661-1697
AID-1863-80,Carlow,+51 (568) 313-7485
AID-1771-00,Carlow,+1 (213) 714-3445
AID-3427-14,Carlow,+33 (381) 277-4782
AID-9707-53,Shannon,+7 (797) 300-2123
AID-3391-29,Naas,+63 (277) 727-8298
AID-2187-36,Carlow,+86 (418) 717-6262
AID-5720-35,Carlow,+86 (604) 830-7285
AID-9375-81,Carlow,+66 (776) 969-4253
AID-1877-33,Carlow,+62 (680) 353-6480
AID-6182-28,Carlow,+86 (389) 850-0448
AID-8508-56,Naas,+66 (673) 398-5235
AID-9187-20,Shannon,+509 (657) 519-3765
AID-9446-90,Lismore,+1 (961) 597-0410
AID-0444-42,Shannon,+86 (363) 280-9169
AID-8479-35,Swords,+1 (205) 263-5135
AID-1824-24,Naas,+351 (928) 660-9366
AID-1419-24,Carlow,+49 (278) 410-1223
AID-6761-93,Carlow,+66 (285) 829-8643
AID-7786-88,Naas,+55 (835) 503-1124
AID-0904-35,Shannon,+886 (750) 339-2175
AID-8969-22,Carlow,+7 (823) 675-5078
AID-0956-47,Lismore,+33 (884) 485-8103
AID-9950-80,Port Laoise,+7 (366) 863-6552
AID-7161-68,Shannon,+27 (399) 467-9138
AID-5101-63,Port Laoise,+63 (221) 593-1280
AID-1026-85,Carlow,+7 (584) 778-0242
AID-9714-20,Port Laoise,+375 (203) 802-7177
AID-5260-68,Naas,+86 (579) 161-3381
AID-0937-21,Naas,+57 (816) 304-5700
AID-0274-08,Shannon,+380 (295) 206-5035
AID-7217-43,Shannon,+86 (209) 435-3995
AID-9732-89,Shannon,+86 (622) 982-7232
AID-0700-06,Naas,+351 (220) 266-5047
AID-9031-60,Shannon,+52 (878) 939-3166
AID-3136-09,Port Laoise,+971 (665) 463-3039
AID-9009-63,Carlow,+52 (106) 574-2974
AID-1719-82,Carlow,+57 (231) 923-1140
AID-4966-03,Carlow,+387 (769) 885-1706
AID-8700-15,Carlow,+63 (179) 132-7041
AID-4786-64,Carlow,+351 (467) 561-9822
AID-1063-03,Carlow,+62 (289) 333-5632
AID-1404-38,Carlow,+7 (621) 296-1897
AID-6806-19,Shannon,+880 (401) 176-0994
AID-0216-07,Naas,+374 (328) 122-9263
AID-7435-61,Carlow,+52 (652) 884-7298
AID-5641-76,Carlow,+81 (932) 769-8290
AID-6421-43,Shannon,+692 (332) 293-7672
AID-0940-90,Port Laoise,+63 (170) 551-4807
AID-2206-99,Carlow,+86 (630) 557-3098
AID-1090-52,Shannon,+33 (871) 247-6833
AID-1541-35,Carlow,+33 (238) 351-7380
AID-5159-64,Carlow,+212 (653) 118-1741
AID-6908-45,Carlow,+86 (371) 825-4456
AID-3077-46,Carlow,+48 (700) 868-6411
AID-0405-20,Carlow,+7 (131) 445-0609
AID-8230-56,Naas,+63 (258) 753-0229
AID-7922-56,Limerick,+98 (292) 813-2480
AID-8629-96,Carlow,+62 (594) 888-3158
AID-7825-44,Naas,+51 (467) 523-9068
AID-9283-35,Shannon,+33 (196) 465-2840
AID-4973-03,Shannon,+62 (362) 645-5789
AID-8178-04,Shannon,+84 (987) 448-7614
AID-2150-44,Naas,+7 (142) 599-9426
AID-9143-60,Shannon,+81 (327) 963-7941
AID-9385-20,Shannon,+60 (299) 915-4726
AID-2670-92,Swords,+504 (841) 977-2078
AID-5817-09,Carlow,+1 (883) 481-8500
AID-2494-47,Dublin,+86 (790) 276-7995
AID-7442-43,Shannon,+86 (140) 587-8247
AID-6395-87,Naas,+86 (248) 423-1764
AID-1175-32,Shannon,+374 (444) 516-3485
AID-9347-21,Shannon,+63 (300) 631-7288
AID-0369-89,Naas,+1 (578) 573-3766
AID-8299-12,Carlow,+27 (939) 428-6772
AID-2733-65,Port Laoise,+380 (571) 882-7916
AID-9908-70,Carlow,+380 (883) 101-9972
AID-7827-52,Carlow,+7 (383) 618-7318
AID-3760-40,Shannon,+880 (222) 419-0829
AID-2202-55,Carlow,+47 (834) 276-1567
AID-8944-48,Carlow,+86 (481) 978-9827
AID-0662-51,Carlow,+62 (106) 688-6910
AID-6905-63,Naas,+63 (422) 256-9847
AID-5485-69,Shannon,+52 (395) 670-2403
AID-9965-89,Carlow,+598 (294) 881-9732
AID-1884-92,Limerick,+63 (439) 349-0264
AID-4168-88,Carlow,+30 (768) 598-7466
AID-2735-82,Carlow,+33 (728) 346-7332
AID-8061-29,Naas,+86 (757) 507-2102
AID-7037-79,Carlow,+1 (915) 332-1245
AID-8778-23,Naas,+502 (446) 340-0376
AID-7164-73,Carlow,+86 (429) 496-3846
AID-0272-17,Carlow,+54 (649) 529-7776
AID-5322-16,Carlow,+56 (603) 173-3311
AID-3795-39,Naas,+420 (335) 467-4327
AID-0170-76,Shannon,+994 (337) 742-0920
AID-8448-01,Port Laoise,+46 (227) 431-1045
AID-4149-38,Carlow,+54 (878) 739-8577
AID-9747-32,Naas,+48 (718) 112-4355
AID-3842-18,Naas,+7 (855) 300-5184
AID-5627-30,Shannon,+48 (299) 569-2426
AID-5767-19,Carlow,+7 (760) 392-4223
AID-7605-62,Carlow,+236 (478) 139-9872
AID-8819-87,Limerick,+994 (265) 817-3980
AID-3423-77,Galway,+1 (601) 575-8803
AID-4771-94,Carlow,+353 (790) 272-5798
AID-4861-20,Carlow,+264 (807) 390-2982
AID-3725-43,Port Laoise,+86 (825) 704-6258
AID-6568-29,Carlow,+63 (258) 880-8103
AID-2878-71,Lismore,+63 (419) 584-5029
AID-1546-54,Port Laoise,+86 (580) 562-5604
AID-8144-42,Carlow,+31 (586) 821-7359
AID-6978-92,Shannon,+355 (783) 438-6241
AID-8443-70,Shannon,+53 (818) 904-8134
AID-4770-37,Shannon,+255 (726) 281-1453
AID-6656-23,Naas,+55 (837) 396-1206
AID-2608-36,Shannon,+976 (865) 160-6063
AID-1187-70,Carlow,+63 (710) 289-5473
AID-0151-68,Carlow,+966 (265) 283-6142
AID-5212-47,Shannon,+381 (836) 939-2814
AID-6604-68,Shannon,+257 (255) 448-5634
AID-8533-21,Shannon,+216 (100) 466-0789
AID-9102-99,Carlow,+380 (422) 215-1942
AID-4794-43,Carlow,+62 (629) 128-2193
AID-2081-71,Shannon,+63 (631) 640-4366
AID-5537-01,Carlow,+44 (903) 860-3245
AID-7421-03,Shannon,+86 (189) 767-4009
AID-7969-74,Carlow,+7 (203) 674-6321
AID-6143-36,Carlow,+62 (220) 737-8054
AID-8345-69,Shannon,+54 (612) 170-3577
AID-8893-70,Lismore,+82 (319) 185-6263
AID-7310-23,Carlow,+66 (408) 809-1279
AID-9667-06,Port Laoise,+7 (277) 643-4534
AID-1161-80,Naas,+55 (311) 157-2911
AID-1013-05,Naas,+232 (521) 101-9375
AID-7655-48,Carlow,+54 (130) 104-1889
AID-3130-05,Dublin,+46 (879) 460-9954
AID-3303-97,Port Laoise,+264 (582) 181-2957
AID-4922-51,Shannon,+84 (156) 684-6270
AID-3761-63,Shannon,+81 (991) 693-6961
AID-0127-14,Carlow,+48 (995) 324-5392
AID-3549-53,Carlow,+57 (704) 226-7680
AID-6218-27,Shannon,+46 (101) 885-9371
AID-3668-22,Carlow,+63 (568) 459-1443
AID-5001-49,Naas,+63 (677) 784-1296
AID-3053-68,Port Laoise,+86 (575) 573-1437
AID-2008-87,Carlow,+56 (576) 950-5373
AID-9792-20,Lismore,+385 (818) 305-4892
AID-1700-38,Naas,+46 (452) 247-0797
AID-6399-35,Shannon,+62 (890) 412-4020
AID-1394-60,Carlow,+46 (245) 322-0684
AID-7246-44,Port Laoise,+58 (523) 964-6403
AID-2055-97,Naas,+62 (351) 320-4598
AID-2383-63,Shannon,+1 (616) 543-5993
AID-4639-50,Carlow,+84 (760) 537-8756
AID-2254-95,Lismore,+33 (438) 244-7329
AID-9965-30,Carlow,+86 (830) 496-3531
AID-9308-04,Naas,+86 (981) 118-5961
AID-0996-14,Shannon,+351 (521) 344-6631
AID-9656-33,Swords,+86 (577) 589-6729
AID-0689-47,Carlow,+86 (499) 926-7230
AID-1328-16,Carlow,+351 (369) 148-0045
AID-2811-61,Carlow,+233 (955) 435-4175
AID-8555-55,Carlow,+55 (684) 578-6839
AID-6349-62,Port Laoise,+58 (624) 452-7483
AID-1422-99,Carlow,+62 (242) 649-5565
AID-7363-85,Carlow,+7 (174) 696-8356
AID-7359-38,Carlow,+92 (739) 185-0067
AID-9854-95,Naas,+507 (277) 917-1975
AID-8599-54,Carlow,+86 (511) 695-0424
AID-2011-88,Carlow,+48 (189) 993-1342
AID-3294-07,Shannon,+33 (671) 275-1991
AID-0537-89,Shannon,+351 (899) 742-2023
AID-0041-63,Carlow,+86 (992) 181-3018
AID-6108-25,Carlow,+62 (230) 241-3648
AID-5067-50,Shannon,+34 (351) 759-1730
AID-8556-57,Carlow,+66 (852) 951-7158
AID-4521-74,Shannon,+86 (367) 491-5222
AID-9550-51,Carlow,+237 (828) 325-8955
AID-2650-45,Carlow,+212 (912) 460-5436
AID-5809-16,Shannon,+1 (360) 957-2129
AID-7393-97,Carlow,+86 (820) 965-4404
AID-1178-79,Shannon,+55 (438) 360-2307
AID-9719-38,Naas,+62 (769) 409-2939
AID-0721-67,Shannon,+7 (604) 446-1063
AID-4784-35,Naas,+62 (515) 440-1886
AID-4190-09,Carlow,+375 (281) 758-9865
AID-8272-03,Naas,+86 (323) 845-7538
AID-7515-82,Port Laoise,+63 (106) 880-0405
AID-7745-38,Limerick,+351 (117) 841-9957
AID-4240-15,Naas,+62 (253) 430-3165
AID-0398-16,Carlow,+351 (931) 328-2486
AID-0563-86,Carlow,+86 (161) 948-0874
AID-0550-81,Lismore,+63 (625) 920-3480
AID-3943-30,Naas,+81 (632) 845-3600
AID-1475-30,Shannon,+86 (895) 701-5908
AID-0914-09,Naas,+57 (234) 214-8393
AID-1685-36,Carlow,+62 (929) 369-5594
AID-8700-01,Carlow,+7 (507) 849-6921
AID-1027-10,Carlow,+7 (679) 460-7278
AID-7433-14,Naas,+353 (842) 214-4109
AID-0285-32,Port Laoise,+1 (847) 379-4429
AID-7706-59,Carlow,+63 (706) 530-0713
AID-6770-16,Naas,+86 (389) 723-4566
AID-0602-95,Naas,+66 (394) 428-9504
AID-9812-50,Lismore,+48 (572) 359-5481
AID-9072-32,Shannon,+48 (389) 722-2323
AID-0856-58,Carlow,+351 (958) 761-6151
AID-1141-99,Shannon,+51 (463) 800-2210
AID-6492-61,Shannon,+351 (307) 318-9840
AID-1466-23,Naas,+86 (159) 833-6705
AID-3730-63,Carlow,+62 (776) 125-5856
AID-8543-06,Shannon,+33 (444) 660-7178
AID-8433-43,Carlow,+55 (731) 982-8858
AID-4207-41,Carlow,+55 (103) 728-1436
AID-3486-43,Swords,+380 (982) 324-9896
AID-6837-10,Carlow,+60 (759) 305-8642
AID-7874-59,Shannon,+33 (853) 343-7835
AID-2618-45,Carlow,+86 (960) 542-6412
AID-7153-30,Carlow,+351 (486) 220-5687
AID-0215-86,Carlow,+62 (231) 850-1213
AID-3509-35,Shannon,+62 (270) 545-8301
AID-7346-19,Carlow,+63 (556) 512-7738
AID-7682-49,Carlow,+507 (824) 238-0541
AID-9519-71,Carlow,+7 (526) 987-4441
AID-5293-60,Carlow,+86 (902) 199-0714
AID-2229-27,Shannon,+55 (537) 589-6500
AID-1882-32,Carlow,+62 (837) 273-4017
AID-6845-35,Carlow,+62 (656) 879-8914
AID-2471-38,Carlow,+46 (415) 926-1484
AID-3511-59,Carlow,+62 (378) 439-8106
AID-5016-08,Carlow,+255 (569) 138-2881
AID-0262-22,Shannon,+420 (695) 813-7073
AID-5925-03,Carlow,+63 (486) 815-4154
AID-8789-00,Carlow,+1 (828) 797-7116
AID-8520-01,Carlow,+7 (388) 857-8767
AID-5268-38,Lismore,+86 (831) 397-0355
AID-8991-57,Carlow,+1 (407) 401-9723
AID-5382-52,Carlow,+33 (445) 698-3691
AID-7733-73,Carlow,+54 (432) 180-7919
AID-0429-23,Shannon,+992 (459) 888-2399
AID-6395-52,Carlow,+504 (658) 261-3463
AID-7899-32,Carlow,+86 (297) 795-0981
AID-4746-79,Carlow,+86 (225) 225-1751
AID-7079-16,Naas,+66 (880) 468-0787
AID-8816-23,Carlow,+46 (321) 979-5505
AID-0165-61,Naas,+98 (181) 199-4182
AID-9110-71,Carlow,+86 (239) 998-1346
AID-2607-43,Carlow,+46 (201) 153-9578
AID-1269-62,Carlow,+66 (263) 325-9230
AID-0537-52,Shannon,+7 (148) 598-4380
AID-5520-44,Carlow,+7 (621) 908-1707
AID-7949-99,Carlow,+62 (713) 665-8027
AID-0463-00,Carlow,+62 (635) 224-9909
AID-2818-64,Naas,+49 (654) 211-2097
AID-6080-89,Naas,+48 (836) 346-0708
AID-7203-00,Port Laoise,+86 (874) 196-4666
AID-5727-14,Carlow,+86 (393) 917-4140
AID-1539-64,Shannon,+86 (867) 496-0849
AID-3606-65,Shannon,+48 (473) 141-9785
AID-6697-43,Shannon,+257 (721) 793-6867
AID-8331-91,Shannon,+86 (634) 540-8041
AID-6593-34,Carlow,+381 (732) 854-4842
AID-8391-69,Swords,+62 (844) 588-2025
AID-1803-86,Carlow,+93 (692) 210-9767
AID-7012-27,Carlow,+7 (654) 325-5935
AID-1145-84,Lismore,+970 (393) 985-9172
AID-9959-24,Limerick,+33 (250) 921-3489
AID-8449-95,Carlow,+93 (261) 525-2599
AID-2753-40,Shannon,+7 (323) 610-1180
AID-3987-47,Carlow,+236 (618) 141-6134
AID-9275-79,Naas,+54 (297) 154-7335
AID-8152-31,Shannon,+62 (926) 732-9962
AID-9888-92,Carlow,+216 (106) 179-8793
AID-4478-09,Shannon,+1 (313) 138-2077
AID-2404-35,Carlow,+351 (843) 789-0035
AID-5558-88,Naas,+48 (571) 442-3911
AID-3454-32,Shannon,+351 (630) 713-1355
AID-6438-92,Carlow,+54 (859) 110-0073
AID-4209-57,Carlow,+1 (664) 755-6513
AID-4468-23,Carlow,+381 (813) 160-8342
AID-0670-32,Port Laoise,+55 (341) 774-4302
AID-6985-79,Naas,+377 (316) 956-7855
AID-3542-83,Dublin,+970 (399) 230-1754
AID-3223-02,Carlow,+63 (930) 507-0178
AID-0626-79,Carlow,+86 (964) 864-0140
AID-5474-78,Shannon,+351 (806) 696-5718
AID-5879-75,Carlow,+7 (347) 200-1738
AID-6415-19,Shannon,+595 (142) 836-9298
AID-0544-19,Carlow,+55 (804) 187-3158
AID-5669-99,Carlow,+351 (218) 254-9200
AID-1218-99,Shannon,+63 (407) 276-5645
AID-3316-08,Lismore,+380 (834) 207-8218
AID-8548-86,Shannon,+33 (323) 519-5963
AID-5584-22,Lismore,+86 (446) 369-1806
AID-8482-06,Shannon,+55 (277) 500-9170
AID-8143-37,Carlow,+86 (732) 372-1620
AID-6378-09,Carlow,+62 (257) 850-4079
AID-1732-57,Port Laoise,+48 (545) 217-4128
AID-1016-43,Carlow,+598 (694) 706-4712
AID-2113-58,Shannon,+233 (883) 432-0295
AID-0742-17,Naas,+375 (396) 296-2882
AID-1301-91,Carlow,+63 (827) 134-1665
AID-9286-96,Carlow,+420 (842) 753-1692
AID-5369-49,Shannon,+81 (573) 129-4289
AID-2228-35,Shannon,+1 (719) 222-1015
AID-2412-52,Carlow,+86 (809) 746-1302
AID-3756-18,Carlow,+81 (354) 849-4591
AID-7509-43,Carlow,+62 (725) 495-5744
AID-8582-12,Shannon,+20 (395) 770-0399
AID-7965-80,Shannon,+63 (532) 600-7234
AID-8693-20,Carlow,+352 (172) 208-7917
AID-8432-76,Carlow,+86 (446) 202-3831
AID-1138-19,Shannon,+380 (654) 467-0596
AID-7509-83,Shannon,+380 (779) 174-4783
AID-7881-36,Carlow,+216 (400) 541-2183
AID-7852-55,Carlow,+55 (968) 118-3958
AID-7379-27,Lismore,+506 (303) 448-6060
AID-8805-98,Naas,+98 (510) 495-2845
AID-1951-40,Carlow,+86 (285) 349-2360
AID-4794-91,Carlow,+98 (569) 195-9201
AID-6872-13,Carlow,+86 (428) 183-2295
AID-0523-25,Naas,+62 (901) 805-4767
AID-4171-75,Carlow,+62 (336) 170-8507
AID-4044-92,Limerick,+52 (274) 100-2604
AID-8855-10,Carlow,+60 (267) 520-8200
AID-3946-25,Carlow,+389 (465) 464-1427
AID-6225-66,Carlow,+230 (646) 664-9728
AID-8537-59,Carlow,+976 (398) 597-1521
AID-6672-32,Shannon,+66 (199) 981-9935
AID-0787-14,Carlow,+998 (356) 125-0246
AID-4872-05,Carlow,+62 (845) 360-1171
AID-8865-40,Carlow,+47 (403) 964-4482
AID-6078-06,Carlow,+234 (213) 270-6867
AID-3199-76,Port Laoise,+51 (768) 189-3492
AID-1855-44,Carlow,+84 (400) 184-9906
AID-6228-31,Dublin,+66 (995) 184-7094
AID-2821-14,Limerick,+98 (511) 531-8031
AID-8549-92,Shannon,+86 (454) 260-6591
AID-7883-79,Shannon,+387 (295) 785-1762
AID-0421-02,Shannon,+48 (962) 667-6911
AID-4815-23,Carlow,+62 (394) 745-7117
AID-3057-82,Port Laoise,+62 (140) 916-2044
AID-9828-51,Carlow,+47 (718) 405-6072
AID-3997-16,Lismore,+34 (752) 359-6631
AID-7857-55,Carlow,+86 (531) 867-1563
AID-9032-83,Carlow,+81 (814) 215-8466
AID-4936-23,Carlow,+62 (989) 472-0991
AID-2816-55,Naas,+55 (253) 470-5583
AID-6673-51,Naas,+86 (319) 575-2299
AID-3541-90,Shannon,+967 (230) 228-1646
AID-6074-77,Naas,+386 (783) 539-4924
AID-8287-01,Carlow,+86 (615) 290-9967
AID-0535-99,Carlow,+54 (354) 272-9460
AID-1381-79,Carlow,+20 (688) 319-3209
AID-0747-61,Shannon,+30 (923) 906-4435
AID-2600-05,Shannon,+380 (832) 912-2041
AID-6965-76,Carlow,+380 (548) 699-4275
AID-3259-93,Naas,+970 (223) 460-7179
AID-4745-12,Carlow,+86 (215) 242-6252
AID-0108-12,Shannon,+86 (711) 619-8604
AID-5868-28,Lismore,+63 (342) 157-2856
AID-9689-73,Carlow,+30 (690) 599-0067
AID-7418-48,Lismore,+51 (325) 972-1546
AID-7978-98,Lismore,+30 (233) 267-6097
AID-1832-89,Shannon,+970 (308) 607-5033
AID-0196-68,Carlow,+33 (183) 662-2847
AID-3057-67,Carlow,+81 (806) 120-5766
AID-9508-74,Carlow,+234 (236) 550-2178
AID-5529-74,Carlow,+20 (746) 354-9188
AID-7835-80,Carlow,+86 (535) 660-8886
AID-8474-94,Carlow,+34 (996) 385-7543
AID-5477-10,Carlow,+1 (504) 237-0944
AID-5881-84,Carlow,+81 (875) 983-6973
AID-2159-16,Carlow,+420 (850) 821-5982
AID-4020-82,Shannon,+420 (389) 703-7502
AID-7631-79,Shannon,+62 (455) 422-9278
AID-0219-74,Shannon,+7 (797) 856-7151
AID-8540-07,Carlow,+51 (700) 803-4485
AID-0246-35,Naas,+30 (866) 961-5746
AID-7332-82,Carlow,+420 (407) 596-9795
AID-2495-76,Shannon,+1 (914) 187-7476
AID-2433-34,Naas,+46 (593) 413-5521
AID-6957-15,Carlow,+62 (464) 447-6273
AID-4632-08,Shannon,+62 (555) 640-8756
AID-6890-13,Carlow,+63 (583) 577-9923
AID-4645-94,Carlow,+36 (540) 739-2096
AID-0334-66,Lismore,+86 (585) 540-8774
AID-6699-55,Carlow,+86 (956) 744-3710
AID-2936-74,Carlow,+351 (111) 479-4717
AID-1554-91,Shannon,+358 (405) 427-2391
AID-0597-10,Naas,+86 (516) 193-8290
AID-4144-52,Shannon,+48 (230) 594-2104
AID-2883-64,Naas,+55 (454) 556-6177
AID-2306-75,Limerick,+46 (704) 129-7882
AID-2118-46,Carlow,+351 (773) 461-0748
AID-1708-21,Shannon,+86 (552) 680-9306
AID-9174-33,Carlow,+46 (834) 991-5529
AID-5228-60,Shannon,+33 (965) 548-3030
AID-2650-70,Naas,+62 (583) 164-8140
AID-8359-73,Naas,+86 (786) 247-8003
AID-3170-50,Carlow,+62 (867) 971-0396
AID-1049-88,Carlow,+420 (708) 723-1725
AID-2467-61,Carlow,+380 (841) 478-1030
AID-2877-69,Shannon,+86 (617) 996-1417
AID-6809-14,Limerick,+36 (721) 407-9100
AID-9067-45,Carlow,+62 (759) 998-3941
AID-6210-18,Carlow,+86 (397) 906-2153
AID-4027-63,Carlow,+63 (935) 961-0540
AID-5480-42,Carlow,+503 (929) 775-2947
AID-2689-87,Carlow,+591 (109) 286-0670
AID-8264-80,Naas,+62 (264) 376-3698
AID-6032-11,Carlow,+93 (911) 567-1684
AID-0046-51,Naas,+30 (679) 761-6869
AID-4654-87,Carlow,+49 (536) 686-8685
AID-7862-60,Carlow,+62 (534) 758-9229
AID-0818-90,Carlow,+33 (727) 766-5068
AID-1119-19,Shannon,+52 (957) 547-9827
AID-1942-60,Naas,+352 (962) 987-7961
AID-5064-28,Naas,+53 (314) 670-6670
AID-0480-38,Carlow,+60 (693) 271-9889
AID-7154-02,Carlow,+351 (236) 176-3119
AID-9880-30,Carlow,+33 (777) 991-9096
AID-8851-25,Carlow,+385 (664) 168-4991
AID-8688-85,Carlow,+380 (968) 215-1853
AID-0905-31,Carlow,+385 (949) 867-3424
AID-1102-21,Naas,+381 (450) 576-8470
AID-9125-43,Carlow,+63 (769) 770-6177
AID-6123-86,Shannon,+57 (943) 334-3022
AID-1499-45,Shannon,+62 (439) 459-0134
AID-0657-87,Carlow,+351 (375) 475-0052
AID-7028-36,Carlow,+54 (206) 242-3386
AID-3456-14,Shannon,+242 (838) 983-2458
AID-2565-48,Carlow,+7 (520) 921-2578
AID-3803-31,Carlow,+234 (451) 557-8665
AID-6806-23,Carlow,+63 (354) 778-5478
AID-7689-72,Carlow,+86 (575) 676-6458
AID-4096-95,Carlow,+258 (499) 285-7355
AID-4531-33,Carlow,+55 (237) 863-7129
AID-4081-03,Shannon,+1 (646) 494-6433
AID-1569-47,Carlow,+55 (878) 639-7189
AID-9550-57,Carlow,+62 (334) 171-5621
AID-7210-02,Naas,+351 (706) 459-3453
AID-1975-23,Shannon,+94 (962) 545-8447
AID-4351-74,Naas,+256 (200) 497-6328
AID-3954-61,Naas,+504 (400) 584-8223
AID-0701-04,Shannon,+63 (223) 274-1614
AID-3109-36,Carlow,+62 (603) 652-8236
AID-8438-93,Naas,+507 (318) 923-9102
AID-6593-73,Carlow,+86 (479) 149-7798
AID-7870-53,Swords,+1 (714) 217-6935
AID-0692-33,Carlow,+27 (486) 756-5954
AID-3237-72,Lismore,+970 (115) 528-4046
AID-2599-61,Carlow,+33 (197) 355-5929
AID-5910-09,Carlow,+86 (360) 157-6513
AID-2422-78,Shannon,+62 (380) 855-1823
AID-2219-84,Lismore,+7 (310) 537-4056
AID-6127-66,Shannon,+86 (288) 202-8632
AID-9241-49,Carlow,+86 (913) 330-7904
AID-0865-19,Shannon,+55 (883) 642-6762
AID-4173-84,Carlow,+62 (292) 162-8407
AID-8814-45,Naas,+62 (504) 523-7156
AID-0565-74,Port Laoise,+84 (677) 210-0499
AID-0270-07,Naas,+86 (906) 919-0371
AID-4476-18,Carlow,+86 (316) 177-6350
AID-1185-48,Shannon,+92 (605) 968-3360
AID-8851-79,Carlow,+86 (412) 146-1258
AID-2024-09,Carlow,+84 (538) 666-0296
AID-4344-30,Carlow,+385 (365) 650-8887
AID-9007-70,Carlow,+86 (270) 985-5313
AID-7267-17,Carlow,+1 (321) 798-3866
AID-8040-83,Shannon,+62 (771) 498-4932
AID-0161-13,Carlow,+62 (904) 121-4227
AID-2987-55,Shannon,+86 (173) 765-2459
AID-8108-44,Naas,+66 (576) 571-6042
AID-1081-17,Naas,+86 (148) 674-8537
AID-3243-12,Naas,+381 (293) 968-0977
AID-1111-20,Carlow,+86 (405) 517-3888
AID-7649-78,Lismore,+81 (420) 116-7088
AID-5742-64,Carlow,+81 (333) 573-6541
AID-4847-15,Carlow,+86 (159) 382-6003
AID-0411-25,Carlow,+81 (556) 375-0928
AID-6657-21,Shannon,+1 (304) 630-5091
AID-6717-57,Carlow,+249 (338) 520-3121
AID-6326-88,Naas,+880 (774) 280-7556
AID-1874-50,Carlow,+385 (655) 926-6056
AID-9593-43,Lismore,+55 (112) 941-8339
AID-2587-97,Carlow,+1 (216) 602-0138
AID-7145-46,Carlow,+81 (940) 895-2296
AID-7401-41,Carlow,+86 (345) 393-3394
AID-2738-31,Naas,+880 (690) 607-5984
AID-5728-80,Carlow,+30 (116) 148-1927
AID-3662-04,Carlow,+242 (524) 259-2288
AID-9517-49,Shannon,+86 (414) 177-1598
AID-3813-42,Carlow,+62 (671) 432-0701
AID-3255-54,Carlow,+86 (425) 880-2193
AID-3087-94,Carlow,+62 (374) 227-5566
AID-9868-78,Shannon,+54 (328) 908-4637
AID-0768-38,Shannon,+962 (815) 544-4678
AID-6117-82,Shannon,+507 (437) 946-5692
AID-2676-68,Lismore,+351 (978) 973-0019
AID-5297-44,Carlow,+7 (282) 860-5916
AID-9964-28,Carlow,+254 (363) 795-3863
AID-9503-10,Carlow,+54 (555) 821-7432
AID-7933-13,Shannon,+962 (666) 979-5985
AID-4444-01,Lismore,+62 (800) 969-7000
AID-0541-52,Shannon,+86 (914) 751-0609
AID-0947-52,Shannon,+1 (951) 823-5946
AID-2252-62,Carlow,+216 (674) 726-1252
AID-2929-22,Carlow,+92 (455) 699-8918
AID-4963-95,Shannon,+46 (430) 228-9287
AID-3949-69,Naas,+66 (651) 463-8151
AID-9329-37,Carlow,+1 (233) 204-6446
AID-2096-31,Shannon,+234 (362) 764-8823
AID-3099-24,Carlow,+51 (345) 952-5586
AID-8316-83,Dublin,+63 (489) 441-7424
AID-9718-64,Carlow,+86 (989) 854-4114
AID-8545-85,Carlow,+351 (881) 685-0428
AID-0147-45,Carlow,+51 (781) 515-2090
AID-9798-47,Carlow,+44 (824) 715-1914
AID-3845-38,Carlow,+48 (328) 248-9135
AID-1046-33,Lismore,+63 (437) 198-4449
AID-1969-05,Shannon,+86 (880) 600-2991
AID-4817-96,Carlow,+237 (162) 433-3621
AID-5071-18,Shannon,+886 (493) 905-5718
AID-7971-55,Carlow,+48 (706) 424-7335
AID-1183-32,Naas,+86 (301) 767-2173
AID-9593-22,Shannon,+237 (727) 136-4899
AID-0293-27,Carlow,+62 (468) 326-4311
AID-8925-24,Shannon,+351 (229) 720-1773
AID-9873-49,Carlow,+970 (351) 578-4244
AID-1420-99,Naas,+386 (587) 707-4187
AID-1337-24,Lismore,+62 (110) 518-8964
AID-2127-82,Carlow,+63 (560) 714-5109
AID-6297-38,Carlow,+52 (150) 137-5094
AID-6222-27,Carlow,+880 (846) 214-3509
AID-1116-27,Naas,+33 (585) 106-7478
AID-4588-62,Dublin,+33 (843) 692-0299
AID-0975-99,Carlow,+7 (560) 687-5228
AID-3873-23,Carlow,+351 (562) 474-3209
AID-7948-08,Shannon,+238 (456) 798-2028
AID-6827-51,Shannon,+58 (808) 510-1622
AID-6129-85,Carlow,+31 (420) 873-3830
AID-1138-45,Carlow,+30 (800) 157-6216
AID-8952-15,Carlow,+63 (274) 888-4270
AID-1106-00,Carlow,+387 (556) 340-4353
AID-3091-24,Carlow,+33 (746) 448-2462
AID-1274-60,Carlow,+49 (182) 301-0415
AID-2899-59,Naas,+86 (289) 951-5573
AID-7816-32,Carlow,+66 (566) 161-0309
AID-1140-16,Carlow,+86 (969) 461-5409
AID-9742-94,Carlow,+86 (994) 337-0184
AID-5676-60,Lismore,+7 (931) 751-8122
AID-4624-43,Naas,+249 (462) 350-2612
AID-5158-69,Carlow,+48 (528) 822-3304
AID-6486-93,Shannon,+52 (495) 378-7383
AID-4213-24,Carlow,+86 (539) 480-4869
AID-2835-48,Carlow,+48 (616) 514-4867
AID-6391-12,Carlow,+48 (200) 538-5337
AID-3112-67,Shannon,+370 (386) 670-5823
AID-1911-95,Carlow,+86 (426) 130-9051
AID-2204-67,Carlow,+598 (480) 292-0257
AID-9296-45,Carlow,+33 (274) 242-7127
AID-2250-75,Carlow,+48 (103) 303-9121
AID-9071-88,Swords,+62 (554) 275-7235
AID-6027-63,Shannon,+354 (166) 737-3705
AID-4064-76,Shannon,+86 (771) 655-1246
AID-0666-88,Shannon,+55 (981) 982-4302
AID-9546-94,Carlow,+86 (125) 820-0989
AID-8389-30,Carlow,+33 (168) 528-1095
AID-7463-39,Carlow,+505 (258) 603-0133
AID-4036-11,Carlow,+62 (928) 997-2359
AID-2478-21,Carlow,+62 (343) 446-2018
AID-9531-34,Shannon,+63 (528) 159-1799
AID-2684-18,Carlow,+994 (388) 704-2918
AID-2086-84,Shannon,+81 (590) 385-2672
AID-0689-59,Carlow,+86 (538) 444-1887
AID-5683-28,Carlow,+1 (571) 742-9431
AID-2898-49,Carlow,+86 (748) 385-4146
AID-4908-99,Shannon,+258 (301) 372-3657
AID-9967-76,Carlow,+86 (443) 284-2587
AID-6875-76,Carlow,+254 (698) 234-3644
AID-7033-33,Shannon,+46 (830) 403-8783
AID-8539-65,Lismore,+591 (464) 457-3196
AID-0181-35,Shannon,+966 (272) 590-3158
AID-8591-01,Carlow,+48 (253) 504-0036
AID-2868-69,Carlow,+420 (890) 984-1547
AID-2325-32,Port Laoise,+86 (755) 988-0251
AID-0309-81,Carlow,+54 (881) 456-7914
AID-7233-87,Carlow,+98 (942) 104-3215
AID-8822-21,Carlow,+54 (444) 312-4730
AID-0204-18,Naas,+33 (831) 353-3000
AID-3429-24,Carlow,+86 (310) 530-8095
AID-0271-78,Lismore,+62 (185) 978-0008
AID-4157-59,Carlow,+7 (212) 992-6065
AID-8688-52,Limerick,+48 (125) 973-5501
AID-5802-19,Carlow,+7 (491) 247-0601
AID-3383-62,Shannon,+66 (264) 660-5470
AID-1889-90,Carlow,+57 (578) 315-9543
AID-5519-39,Lismore,+86 (541) 182-1989
AID-6124-59,Shannon,+995 (553) 874-3705
AID-0057-23,Shannon,+86 (463) 502-1648
AID-3664-66,Naas,+886 (293) 909-1656
AID-5362-51,Carlow,+970 (189) 892-9518
AID-3154-50,Carlow,+372 (324) 709-8965
AID-3306-72,Naas,+62 (358) 322-1006
AID-3136-89,Shannon,+7 (596) 966-6177
AID-9410-40,Carlow,+255 (420) 164-0961
AID-7644-53,Carlow,+420 (366) 219-6929
AID-4186-36,Port Laoise,+47 (559) 195-5507
AID-7657-41,Shannon,+86 (657) 878-3736
AID-2960-52,Carlow,+57 (586) 223-5180
AID-1993-07,Naas,+62 (802) 337-2442
AID-9973-02,Carlow,+48 (661) 972-2690
AID-9475-14,Carlow,+33 (646) 878-4076
AID-1199-14,Carlow,+52 (355) 698-7584
AID-9716-22,Carlow,+62 (292) 525-2618
AID-3676-58,Carlow,+374 (575) 169-8827
AID-1833-86,Naas,+420 (236) 684-6327
AID-6766-25,Naas,+389 (744) 510-9008
AID-1048-43,Carlow,+51 (295) 303-2576
AID-1043-63,Carlow,+504 (646) 197-7916
AID-0976-26,Carlow,+62 (743) 408-4987
AID-2132-87,Naas,+62 (875) 282-3457
AID-9232-65,Carlow,+7 (463) 821-7934
AID-5128-27,Shannon,+55 (266) 463-1463
AID-8708-23,Carlow,+351 (441) 295-0235
AID-6577-48,Naas,+86 (107) 246-0622
AID-7588-87,Carlow,+86 (826) 406-2326
AID-1829-63,Carlow,+63 (230) 734-6003
AID-8250-59,Lismore,+351 (672) 726-9751
AID-4728-17,Carlow,+48 (114) 574-5351
AID-2568-68,Shannon,+975 (761) 890-9974
AID-1473-15,Lismore,+86 (858) 672-8405
AID-5864-70,Naas,+1 (590) 617-1820
AID-7848-41,Carlow,+7 (528) 318-0554
AID-6417-66,Carlow,+86 (467) 547-4672
AID-9310-84,Shannon,+51 (335) 629-6700
AID-7091-47,Shannon,+86 (371) 169-1443
AID-5577-55,Naas,+33 (378) 155-0124
AID-2550-56,Carlow,+385 (927) 164-5929
AID-6190-17,Shannon,+55 (948) 911-0970
AID-1440-13,Carlow,+86 (523) 101-4894
AID-8977-49,Carlow,+58 (632) 303-3139
AID-7198-57,Shannon,+46 (735) 713-1730
AID-5893-76,Carlow,+34 (596) 206-5484
AID-6057-93,Carlow,+52 (971) 404-9678
AID-5053-49,Carlow,+420 (443) 869-6165
AID-3244-02,Naas,+1 (360) 729-1528
AID-7405-06,Carlow,+62 (678) 622-5757
AID-9138-07,Shannon,+382 (443) 535-4836
AID-4158-99,Carlow,+49 (500) 427-1111
AID-7194-66,Carlow,+62 (343) 481-8547
AID-7527-74,Lismore,+7 (360) 272-9005
AID-8910-08,Carlow,+351 (746) 436-2696
AID-7016-68,Carlow,+86 (303) 172-4396
AID-4048-12,Shannon,+355 (631) 259-3972
AID-0060-37,Shannon,+33 (101) 722-5249
AID-3042-27,Carlow,+62 (339) 102-1416
AID-0592-20,Naas,+55 (173) 422-2026
AID-7153-95,Shannon,+385 (186) 537-5583
AID-0184-42,Carlow,+62 (583) 846-2868
AID-3721-73,Lismore,+357 (303) 150-2599
AID-1151-10,Naas,+7 (803) 670-4924
AID-7642-58,Carlow,+371 (414) 429-1818
AID-4311-95,Carlow,+237 (279) 465-2722
AID-2583-50,Carlow,+55 (254) 766-7366
AID-3272-70,Carlow,+7 (540) 369-1983
AID-4684-54,Lismore,+63 (716) 606-8238
AID-8465-49,Carlow,+62 (812) 195-1829
AID-7798-06,Shannon,+56 (440) 169-9112
AID-1830-85,Naas,+86 (384) 973-1565
AID-4272-32,Carlow,+7 (360) 345-2749
AID-8959-28,Carlow,+57 (684) 968-4851
AID-1806-02,Carlow,+504 (393) 591-6932
AID-5044-99,Carlow,+62 (408) 935-5107
AID-0722-27,Shannon,+86 (922) 979-1994
AID-9694-90,Carlow,+55 (642) 530-3946
AID-1260-92,Shannon,+1 (301) 465-8477
AID-0389-43,Carlow,+504 (619) 107-5631
AID-7789-03,Carlow,+86 (194) 743-7970
AID-8565-95,Shannon,+850 (502) 548-8033
AID-3335-00,Naas,+86 (315) 896-4588
AID-5467-52,Carlow,+86 (664) 559-6469
AID-2936-58,Carlow,+242 (967) 168-2549
AID-3054-51,Shannon,+33 (723) 703-4925
AID-2637-47,Naas,+92 (939) 953-5726
AID-1285-28,Carlow,+381 (654) 290-9077
AID-7883-02,Shannon,+20 (495) 207-3231
AID-9896-33,Swords,+86 (984) 157-6112
AID-4477-52,Naas,+55 (382) 713-9415
AID-7625-18,Carlow,+48 (791) 438-6067
AID-5443-29,Carlow,+57 (433) 390-2253
AID-7114-52,Carlow,+234 (628) 339-7234
AID-9251-33,Shannon,+86 (477) 700-8969
AID-0330-88,Carlow,+358 (410) 941-8865
AID-6382-65,Carlow,+55 (740) 484-6689
AID-0366-91,Naas,+30 (729) 112-1956
AID-8290-40,Carlow,+509 (234) 213-0421
AID-3983-24,Shannon,+63 (255) 953-3146
AID-9935-32,Carlow,+52 (177) 519-0142
AID-0886-01,Carlow,+86 (213) 685-3912
AID-5580-25,Carlow,+54 (626) 819-0899
AID-7372-64,Carlow,+27 (359) 118-5999
AID-1555-42,Shannon,+351 (254) 903-3002
AID-6813-96,Shannon,+86 (928) 115-2414
AID-8195-54,Shannon,+1 (620) 906-7200
AID-9945-98,Carlow,+81 (416) 871-5054
AID-8057-90,Carlow,+7 (312) 825-7043
AID-1676-45,Shannon,+63 (866) 299-4440
AID-1354-89,Carlow,+54 (486) 750-2764
AID-7649-84,Lismore,+371 (835) 186-9949
AID-2232-84,Shannon,+261 (337) 740-3233
AID-4212-25,Carlow,+86 (201) 128-9496
AID-1351-40,Dublin,+86 (864) 351-7687
AID-0236-86,Lismore,+7 (367) 722-6254
AID-9931-58,Carlow,+234 (270) 497-4341
AID-3463-76,Carlow,+880 (847) 759-5943
AID-2027-69,Naas,+33 (711) 851-3062
AID-8997-65,Lismore,+63 (387) 107-8755
AID-2632-27,Carlow,+977 (192) 720-2460
AID-3831-25,Naas,+57 (517) 420-4844
AID-0285-03,Shannon,+30 (744) 456-9443
AID-9567-94,Carlow,+998 (306) 371-5618
AID-5420-59,Carlow,+52 (769) 521-3647
AID-7320-88,Carlow,+62 (673) 547-1130
AID-8730-69,Shannon,+964 (236) 462-2106
AID-9433-20,Shannon,+62 (184) 896-8506
AID-8947-75,Shannon,+31 (147) 540-4467
AID-1472-15,Carlow,+86 (601) 219-4979
AID-3983-78,Shannon,+82 (120) 907-3144
AID-6189-35,Shannon,+62 (297) 418-1490
AID-8139-08,Shannon,+62 (640) 406-6938
AID-5243-72,Carlow,+52 (842) 580-3285
AID-3369-95,Carlow,+63 (502) 219-4209
AID-1745-68,Carlow,+55 (552) 962-2335
AID-8560-05,Carlow,+62 (606) 338-5245
AID-0174-19,Carlow,+1 (608) 380-4640
AID-5447-03,Carlow,+385 (766) 607-4922
AID-5929-90,Limerick,+51 (633) 122-9615
AID-4272-63,Swords,+33 (701) 360-3589
AID-3111-34,Shannon,+977 (699) 579-6552
AID-8921-75,Shannon,+86 (183) 899-4121
AID-3093-68,Carlow,+7 (350) 552-9105
AID-1969-58,Carlow,+351 (624) 477-6658
AID-6725-43,Lismore,+48 (211) 968-0175
AID-2637-35,Naas,+351 (914) 522-6532
AID-1930-60,Shannon,+55 (899) 486-4901
AID-5732-20,Lismore,+380 (260) 800-8963
AID-2892-42,Carlow,+86 (152) 112-5774
AID-0164-23,Dublin,+372 (480) 139-0672
AID-3144-50,Naas,+7 (547) 960-8023
AID-3246-95,Carlow,+48 (688) 420-5730
AID-0437-74,Carlow,+86 (947) 934-0396
AID-6165-40,Carlow,+591 (864) 358-1295
AID-8509-14,Carlow,+46 (959) 824-3328
AID-7957-09,Lismore,+81 (347) 195-0196
AID-1187-92,Carlow,+62 (190) 399-3547
AID-5781-11,Swords,+86 (172) 518-6279
AID-0211-65,Lismore,+1 (941) 211-1539
AID-5123-18,Naas,+234 (677) 129-0424
AID-1943-34,Carlow,+53 (735) 571-0792
AID-5575-03,Carlow,+66 (665) 670-7718
AID-9535-61,Carlow,+62 (381) 841-8614
AID-9368-25,Carlow,+86 (401) 562-5805
AID-2093-79,Carlow,+351 (955) 742-6059
AID-1456-39,Lismore,+30 (308) 604-4915
AID-2534-78,Carlow,+86 (508) 128-3666
AID-7256-83,Carlow,+86 (457) 113-9475
AID-8452-94,Shannon,+36 (374) 816-2521
AID-5420-75,Carlow,+57 (876) 745-7768
AID-8253-26,Carlow,+48 (629) 752-7277
AID-4122-91,Carlow,+62 (174) 107-0679
AID-4363-53,Carlow,+86 (581) 963-7279
AID-2992-60,Lismore,+420 (921) 357-7501
AID-4739-88,Lismore,+62 (901) 991-9263
AID-0187-82,Carlow,+86 (245) 800-1550
AID-1406-55,Naas,+254 (632) 954-3249
AID-6685-37,Carlow,+52 (587) 208-8207
AID-8953-68,Port Laoise,+66 (959) 521-3541
AID-0998-49,Carlow,+56 (381) 494-0188
AID-0060-57,Carlow,+63 (928) 704-0807
AID-0757-64,Carlow,+373 (327) 107-2970
AID-6317-14,Lismore,+62 (142) 863-9161
AID-6408-93,Shannon,+7 (468) 904-0912
AID-7660-18,Carlow,+86 (307) 571-6464
AID-6731-27,Carlow,+54 (527) 568-2853
AID-1061-48,Carlow,+381 (302) 586-2290
AID-9170-11,Carlow,+63 (886) 393-5857
AID-5480-46,Shannon,+967 (920) 810-7370
AID-5116-76,Carlow,+86 (358) 898-2988
AID-7729-54,Naas,+63 (141) 421-6371
AID-8932-03,Shannon,+260 (596) 420-4850
AID-5216-43,Carlow,+380 (861) 784-6207
AID-1992-98,Shannon,+86 (410) 669-3460
AID-6386-93,Naas,+351 (153) 426-4831
AID-2341-26,Carlow,+351 (196) 837-1939
AID-9174-49,Shannon,+81 (160) 933-3052
AID-1218-56,Carlow,+27 (910) 597-1917
AID-0552-18,Shannon,+86 (323) 595-5143
AID-4490-64,Carlow,+1 (501) 253-8518
AID-6465-31,Shannon,+55 (209) 489-7237
AID-9165-17,Shannon,+63 (787) 919-8586
AID-9937-40,Carlow,+51 (966) 896-9903
AID-9541-41,Shannon,+51 (556) 115-7087
AID-3062-61,Carlow,+98 (225) 230-8926
AID-1419-82,Limerick,+86 (621) 210-5254
AID-6354-50,Shannon,+30 (212) 171-1834
AID-0459-64,Lismore,+33 (993) 959-4856
AID-4549-02,Carlow,+81 (725) 917-9152
AID-8512-92,Carlow,+86 (805) 177-5251
AID-7475-30,Shannon,+7 (102) 800-3952
AID-8578-79,Naas,+86 (210) 696-6660
AID-0536-91,Naas,+57 (967) 404-2513
AID-4570-99,Carlow,+98 (361) 577-3456
AID-1514-59,Shannon,+47 (497) 622-5402
AID-3992-24,Carlow,+7 (752) 245-8459
AID-5441-22,Naas,+351 (724) 694-4525
AID-9734-52,Shannon,+62 (358) 124-3816
AID-7329-06,Carlow,+51 (606) 768-1463
AID-1465-24,Shannon,+57 (648) 446-6752
AID-1164-60,Shannon,+230 (763) 240-1150
AID-2501-84,Lismore,+27 (762) 123-8498
AID-1910-51,Lismore,+56 (946) 275-6645
AID-9941-02,Carlow,+380 (828) 343-4131
AID-4760-33,Carlow,+57 (938) 756-7918
AID-9133-69,Carlow,+55 (435) 826-6155
AID-5105-25,Shannon,+7 (125) 910-1942
AID-5476-44,Shannon,+976 (922) 773-0726
AID-7559-24,Carlow,+55 (134) 791-0078
AID-3147-86,Shannon,+63 (271) 251-5122
AID-4120-52,Lismore,+86 (594) 672-2711
AID-5979-13,Shannon,+7 (232) 590-9057
AID-3868-21,Carlow,+46 (105) 623-8003
AID-8936-71,Carlow,+1 (464) 594-5715
AID-2911-91,Shannon,+82 (619) 617-5314
AID-4730-93,Carlow,+62 (796) 624-8099
AID-2193-13,Shannon,+351 (421) 596-3823
AID-9285-61,Port Laoise,+62 (852) 848-8258
AID-3203-58,Carlow,+7 (470) 982-8281
AID-2304-66,Carlow,+351 (863) 724-2351
AID-9913-83,Carlow,+86 (794) 505-2089
AID-4557-85,Carlow,+81 (936) 149-9563
AID-5063-52,Carlow,+86 (250) 839-1232
AID-8356-96,Naas,+86 (646) 206-0500
AID-3159-21,Carlow,+62 (584) 274-0337
AID-6209-54,Shannon,+27 (498) 343-9684
AID-0000-84,Carlow,+86 (466) 392-7053
AID-2126-90,Carlow,+48 (920) 777-4691
AID-2531-51,Lismore,+380 (228) 745-9426
AID-5976-73,Carlow,+1 (616) 327-9805
AID-8639-89,Carlow,+236 (873) 922-2303
AID-3905-38,Naas,+48 (810) 453-8975
AID-1620-33,Carlow,+55 (166) 200-7525
AID-9015-65,Naas,+55 (319) 430-6244
AID-6036-72,Carlow,+86 (388) 946-5623
AID-4995-48,Limerick,+86 (434) 284-8746
AID-1519-38,Carlow,+86 (699) 729-2212
AID-4285-79,Carlow,+86 (219) 681-0624
AID-2891-82,Carlow,+57 (650) 516-3545
AID-4063-34,Shannon,+62 (756) 225-1103
AID-1370-79,Shannon,+86 (931) 923-9302
AID-6199-04,Lismore,+33 (962) 353-4178
AID-9719-40,Carlow,+7 (122) 867-9548
AID-3168-83,Shannon,+269 (279) 807-5138
AID-5990-50,Lismore,+263 (990) 981-9798
AID-8503-85,Shannon,+46 (528) 631-0854
AID-0684-01,Carlow,+48 (957) 635-4048
AID-0504-41,Carlow,+420 (596) 626-6815
AID-7089-37,Carlow,+352 (402) 975-1673
AID-1211-04,Carlow,+1 (605) 759-4920
AID-8020-95,Carlow,+86 (646) 687-7690
AID-5329-15,Shannon,+502 (687) 476-1555
AID-6506-81,Carlow,+216 (890) 834-0879
AID-7656-83,Shannon,+55 (912) 774-9135
AID-5047-74,Naas,+86 (126) 823-6334
AID-4222-53,Shannon,+380 (164) 143-1600
AID-3000-41,Carlow,+27 (233) 739-0340
AID-3709-76,Carlow,+62 (247) 758-1861
AID-5150-43,Carlow,+55 (343) 623-3499
AID-3930-46,Shannon,+60 (159) 910-0719
AID-9002-62,Shannon,+62 (917) 740-9527
AID-6756-33,Shannon,+30 (939) 826-4753
AID-4390-99,Naas,+63 (309) 424-1389
AID-3908-36,Carlow,+98 (371) 903-1723
AID-9149-49,Shannon,+86 (240) 365-1258
AID-5637-54,Shannon,+380 (331) 223-2924
AID-6488-70,Carlow,+351 (518) 341-9003
AID-4709-60,Carlow,+86 (570) 946-0197
AID-1758-65,Carlow,+55 (296) 121-9434
